-- Insering data into Offices, Estate Agents, Sellers, Buyers tables,
-- and then doing it for Houses table
INSERT INTO Offices (office_id, name, phone, email) VALUES (1, 'Powell-Fitzpatrick', '383-167-1965x4478', 'brandonjarvis@example.net');
INSERT INTO Offices (office_id, name, phone, email) VALUES (2, 'Barr Ltd', '537.242.3118', 'parkcesar@example.net');
INSERT INTO Offices (office_id, name, phone, email) VALUES (3, 'Boyle, Clark and Burns', '906-864-9813x25970', 'unewman@example.org');
INSERT INTO Offices (office_id, name, phone, email) VALUES (4, 'Mayo Ltd', '716.722.0669x1763', 'richard45@example.com');
INSERT INTO Offices (office_id, name, phone, email) VALUES (5, 'Logan, Prince and Lopez', '(659)925-8727x8650', 'sarahsmith@example.net');
INSERT INTO Offices (office_id, name, phone, email) VALUES (6, 'Alvarez PLC', '(812)711-7365x1097', 'ywade@example.net');
INSERT INTO Offices (office_id, name, phone, email) VALUES (7, 'Moran, Valdez and Randall', '001-744-897-4942x4659', 'murphywilliam@example.net');
INSERT INTO Offices (office_id, name, phone, email) VALUES (8, 'Lewis LLC', '(377)198-5754x740', 'nathan04@example.com');
INSERT INTO Offices (office_id, name, phone, email) VALUES (9, 'Cruz, Smith and Lynch', '001-353-473-9297x281', 'valerie27@example.net');
INSERT INTO Offices (office_id, name, phone, email) VALUES (10, 'Rowe-Dean', '(240)833-4631', 'rmiranda@example.net');
INSERT INTO EstateAgents (agent_id, name, phone, email) VALUES (1, 'Michael Ball', '001-520-999-3909x14144', 'mosslisa@example.com');
INSERT INTO EstateAgents (agent_id, name, phone, email) VALUES (2, 'Geoffrey Myers', '(531)001-5871x51052', 'christopherrodriguez@example.org');
INSERT INTO EstateAgents (agent_id, name, phone, email) VALUES (3, 'John Stein', '5927681576', 'greenkathleen@example.org');
INSERT INTO EstateAgents (agent_id, name, phone, email) VALUES (4, 'Anthony Martinez', '+1-140-043-1231', 'floresjohn@example.com');
INSERT INTO EstateAgents (agent_id, name, phone, email) VALUES (5, 'Sarah Chang', '001-199-567-2716x331', 'bradshawzachary@example.org');
INSERT INTO EstateAgents (agent_id, name, phone, email) VALUES (6, 'Tina Wright', '+1-276-505-8634', 'brownsarah@example.net');
INSERT INTO EstateAgents (agent_id, name, phone, email) VALUES (7, 'Janet Ramirez', '001-773-383-9843x145', 'murphythomas@example.com');
INSERT INTO EstateAgents (agent_id, name, phone, email) VALUES (8, 'Adam Jones', '591-601-8125', 'englishlindsey@example.net');
INSERT INTO EstateAgents (agent_id, name, phone, email) VALUES (9, 'Jacob Taylor', '069.362.3582', 'cwilkins@example.net');
INSERT INTO EstateAgents (agent_id, name, phone, email) VALUES (10, 'Frederick Serrano', '+1-232-354-9883x4793', 'parkeroscar@example.net');
INSERT INTO Buyers (buyer_id, name, phone, email) VALUES (1, 'Henry Powers', '726.236.3206', 'megan59@example.com');
INSERT INTO Buyers (buyer_id, name, phone, email) VALUES (2, 'Pamela Kim', '044.286.3358x85659', 'mcleandavid@example.net');
INSERT INTO Buyers (buyer_id, name, phone, email) VALUES (3, 'Patty Watson', '+1-804-994-9892', 'mwagner@example.com');
INSERT INTO Buyers (buyer_id, name, phone, email) VALUES (4, 'Andrew Harris', '707.926.9412x81801', 'michael68@example.com');
INSERT INTO Buyers (buyer_id, name, phone, email) VALUES (5, 'Allen Yu', '(055)258-6482x6677', 'danielwebb@example.org');
INSERT INTO Buyers (buyer_id, name, phone, email) VALUES (6, 'Tammy Wallace', '(743)315-9931x638', 'chungdanny@example.org');
INSERT INTO Buyers (buyer_id, name, phone, email) VALUES (7, 'Joseph Bass', '8043495648', 'hawkinslori@example.com');
INSERT INTO Buyers (buyer_id, name, phone, email) VALUES (8, 'Erin Young', '8718421835', 'carlsonsusan@example.org');
INSERT INTO Buyers (buyer_id, name, phone, email) VALUES (9, 'John Ingram', '+1-036-175-5609', 'shawn14@example.org');
INSERT INTO Buyers (buyer_id, name, phone, email) VALUES (10, 'Dr. Daniel Clark', '326-337-2216', 'kingsharon@example.net');
INSERT INTO Sellers (seller_id, name, phone, email) VALUES (1, 'Michelle Parsons DDS', '189.571.2335x715', 'rodriguezlori@example.org');
INSERT INTO Sellers (seller_id, name, phone, email) VALUES (2, 'Rebecca Bell', '443-234-8301x467', 'njensen@example.net');
INSERT INTO Sellers (seller_id, name, phone, email) VALUES (3, 'James Rhodes', '(799)819-8680x5813', 'ynolan@example.org');
INSERT INTO Sellers (seller_id, name, phone, email) VALUES (4, 'Amy Farrell', '+1-589-646-7054x62053', 'alananderson@example.net');
INSERT INTO Sellers (seller_id, name, phone, email) VALUES (5, 'Rebekah Gonzales', '4263267712', 'oharris@example.com');
INSERT INTO Sellers (seller_id, name, phone, email) VALUES (6, 'Breanna Flores', '2880963949', 'tbryant@example.net');
INSERT INTO Sellers (seller_id, name, phone, email) VALUES (7, 'Jaime Ho', '001-160-684-5654', 'mcmillanpeter@example.com');
INSERT INTO Sellers (seller_id, name, phone, email) VALUES (8, 'Tammy Singleton', '(083)197-5615', 'timward@example.net');
INSERT INTO Sellers (seller_id, name, phone, email) VALUES (9, 'Angel Mccullough', '001-508-457-0758x280', 'sawyerstephen@example.org');
INSERT INTO Sellers (seller_id, name, phone, email) VALUES (10, 'Brenda Brown', '249-607-3707', 'unewton@example.org');
INSERT INTO Houses (house_id, seller_id, num_bedrooms, num_bathrooms, list_price, zip_code, list_date, list_agent_id, office_id, buyer_id, sale_price, sale_date, sell_agent_id, status) VALUES (1, 9, 5, 4, 664937, '95428', '2022-04-12', 1, 9, 4, 205238, '2023-01-12', 10, 'Sold');
INSERT INTO Houses (house_id, seller_id, num_bedrooms, num_bathrooms, list_price, zip_code, list_date, list_agent_id, office_id, buyer_id, sale_price, sale_date, sell_agent_id, status) VALUES (2, 4, 1, 1, 317482, '56572', '2022-11-02', 5, 9, 8, 276491, '2023-01-16', 6, 'Sold');
INSERT INTO Houses (house_id, seller_id, num_bedrooms, num_bathrooms, list_price, zip_code, list_date, list_agent_id, office_id, buyer_id, sale_price, sale_date, sell_agent_id, status) VALUES (3, 8, 3, 5, 803196, '29351', '2023-03-21', 7, 2, 7, 256710, '2023-03-24', 6, 'Sold');
INSERT INTO Houses (house_id, seller_id, num_bedrooms, num_bathrooms, list_price, zip_code, list_date, list_agent_id, office_id, buyer_id, sale_price, sale_date, sell_agent_id, status) VALUES (4, 2, 1, 3, 120645, '66963', '2022-09-02', 4, 5, 8, 841001, '2022-09-06', 10, 'Sold');
INSERT INTO Houses (house_id, seller_id, num_bedrooms, num_bathrooms, list_price, zip_code, list_date, list_agent_id, office_id, buyer_id, sale_price, sale_date, sell_agent_id, status) VALUES (5, 6, 5, 5, 272440, '14401', '2022-10-18', 9, 10, 6, 537449, '2023-02-10', 8, 'Sold');
INSERT INTO Houses (house_id, seller_id, num_bedrooms, num_bathrooms, list_price, zip_code, list_date, list_agent_id, office_id, buyer_id, sale_price, sale_date, sell_agent_id, status) VALUES (6, 5, 2, 2, 205969, '69784', '2023-03-03', 2, 5, 4, 100895, '2023-04-02', 1, 'Sold');
INSERT INTO Houses (house_id, seller_id, num_bedrooms, num_bathrooms, list_price, zip_code, list_date, list_agent_id, office_id, buyer_id, sale_price, sale_date, sell_agent_id, status) VALUES (7, 4, 2, 3, 493074, '28099', '2022-05-22', 10, 7, 4, 125870, '2023-01-01', 2, 'Sold');
INSERT INTO Houses (house_id, seller_id, num_bedrooms, num_bathrooms, list_price, zip_code, list_date, list_agent_id, office_id, buyer_id, sale_price, sale_date, sell_agent_id, status) VALUES (8, 2, 3, 2, 874900, '08158', '2022-05-17', 1, 3, 5, 993658, '2022-10-15', 8, 'Sold');
INSERT INTO Houses (house_id, seller_id, num_bedrooms, num_bathrooms, list_price, zip_code, list_date, list_agent_id, office_id, buyer_id, sale_price, sale_date, sell_agent_id, status) VALUES (9, 1, 2, 4, 795410, '47780', '2023-01-01', 9, 7, 3, 173611, '2023-03-14', 10, 'Sold');
INSERT INTO Houses (house_id, seller_id, num_bedrooms, num_bathrooms, list_price, zip_code, list_date, list_agent_id, office_id, buyer_id, sale_price, sale_date, sell_agent_id, status) VALUES (10, 6, 4, 1, 228830, '64325', '2023-02-08', 3, 9, 1, 177733, '2023-02-11', 1, 'Sold');
INSERT INTO Houses (house_id, seller_id, num_bedrooms, num_bathrooms, list_price, zip_code, list_date, list_agent_id, office_id, buyer_id, sale_price, sale_date, sell_agent_id, status) VALUES (11, 2, 3, 3, 206627, '53901', '2022-11-22', 5, 5, 3, 900890, '2023-01-09', 10, 'Sold');
INSERT INTO Houses (house_id, seller_id, num_bedrooms, num_bathrooms, list_price, zip_code, list_date, list_agent_id, office_id, buyer_id, sale_price, sale_date, sell_agent_id, status) VALUES (12, 6, 2, 4, 480169, '18183', '2022-07-20', 6, 5, 6, 716564, '2023-01-16', 9, 'Sold');
INSERT INTO Houses (house_id, seller_id, num_bedrooms, num_bathrooms, list_price, zip_code, list_date, list_agent_id, office_id, buyer_id, sale_price, sale_date, sell_agent_id, status) VALUES (13, 4, 1, 4, 705964, '73714', '2022-05-28', 8, 9, 10, 327262, '2022-09-09', 8, 'Sold');
INSERT INTO Houses (house_id, seller_id, num_bedrooms, num_bathrooms, list_price, zip_code, list_date, list_agent_id, office_id, buyer_id, sale_price, sale_date, sell_agent_id, status) VALUES (14, 10, 5, 1, 772616, '89899', '2022-04-13', 6, 4, 7, 106886, '2022-10-03', 6, 'Sold');
INSERT INTO Houses (house_id, seller_id, num_bedrooms, num_bathrooms, list_price, zip_code, list_date, list_agent_id, office_id, buyer_id, sale_price, sale_date, sell_agent_id, status) VALUES (15, 8, 5, 2, 148687, '36066', '2022-06-19', 10, 7, 7, 998524, '2022-09-19', 4, 'Sold');
INSERT INTO Houses (house_id, seller_id, num_bedrooms, num_bathrooms, list_price, zip_code, list_date, list_agent_id, office_id, buyer_id, sale_price, sale_date, sell_agent_id, status) VALUES (16, 8, 5, 5, 996938, '22926', '2022-07-20', 9, 5, 7, 992983, '2022-12-22', 6, 'Sold');
INSERT INTO Houses (house_id, seller_id, num_bedrooms, num_bathrooms, list_price, zip_code, list_date, list_agent_id, office_id, buyer_id, sale_price, sale_date, sell_agent_id, status) VALUES (17, 5, 2, 4, 158350, '44598', '2022-08-21', 7, 2, 10, 270458, '2023-03-03', 9, 'Sold');
INSERT INTO Houses (house_id, seller_id, num_bedrooms, num_bathrooms, list_price, zip_code, list_date, list_agent_id, office_id, buyer_id, sale_price, sale_date, sell_agent_id, status) VALUES (18, 4, 3, 3, 255331, '38200', '2022-09-29', 1, 10, 10, 448891, '2022-10-30', 7, 'Sold');
INSERT INTO Houses (house_id, seller_id, num_bedrooms, num_bathrooms, list_price, zip_code, list_date, list_agent_id, office_id, buyer_id, sale_price, sale_date, sell_agent_id, status) VALUES (19, 5, 5, 2, 339628, '74004', '2022-09-08', 6, 10, 7, 943441, '2022-12-12', 4, 'Sold');
INSERT INTO Houses (house_id, seller_id, num_bedrooms, num_bathrooms, list_price, zip_code, list_date, list_agent_id, office_id, buyer_id, sale_price, sale_date, sell_agent_id, status) VALUES (20, 4, 4, 2, 480270, '67247', '2022-08-16', 3, 8, 8, 675451, '2022-10-27', 2, 'Sold');
INSERT INTO Houses (house_id, seller_id, num_bedrooms, num_bathrooms, list_price, zip_code, list_date, list_agent_id, office_id, buyer_id, sale_price, sale_date, sell_agent_id, status) VALUES (21, 10, 3, 1, 364054, '23747', '2023-02-01', 10, 3, 1, 631480, '2023-02-05', 10, 'Sold');
INSERT INTO Houses (house_id, seller_id, num_bedrooms, num_bathrooms, list_price, zip_code, list_date, list_agent_id, office_id, buyer_id, sale_price, sale_date, sell_agent_id, status) VALUES (22, 4, 5, 1, 855748, '72473', '2022-06-21', 3, 10, 2, 543653, '2022-11-25', 6, 'Sold');
INSERT INTO Houses (house_id, seller_id, num_bedrooms, num_bathrooms, list_price, zip_code, list_date, list_agent_id, office_id, buyer_id, sale_price, sale_date, sell_agent_id, status) VALUES (23, 3, 5, 1, 583389, '39543', '2023-02-24', 3, 3, 9, 392901, '2023-04-01', 10, 'Sold');
INSERT INTO Houses (house_id, seller_id, num_bedrooms, num_bathrooms, list_price, zip_code, list_date, list_agent_id, office_id, buyer_id, sale_price, sale_date, sell_agent_id, status) VALUES (24, 7, 2, 2, 738551, '69303', '2022-11-30', 3, 9, 1, 676281, '2022-12-30', 4, 'Sold');
INSERT INTO Houses (house_id, seller_id, num_bedrooms, num_bathrooms, list_price, zip_code, list_date, list_agent_id, office_id, buyer_id, sale_price, sale_date, sell_agent_id, status) VALUES (25, 2, 3, 3, 561417, '99153', '2023-02-28', 3, 1, 7, 252746, '2023-03-28', 10, 'Sold');
INSERT INTO Houses (house_id, seller_id, num_bedrooms, num_bathrooms, list_price, zip_code, list_date, list_agent_id, office_id, buyer_id, sale_price, sale_date, sell_agent_id, status) VALUES (26, 3, 1, 4, 120190, '42130', '2022-04-26', 2, 5, 10, 554222, '2022-09-17', 9, 'Sold');
INSERT INTO Houses (house_id, seller_id, num_bedrooms, num_bathrooms, list_price, zip_code, list_date, list_agent_id, office_id, buyer_id, sale_price, sale_date, sell_agent_id, status) VALUES (27, 2, 1, 3, 274108, '82855', '2022-07-22', 2, 8, 4, 683583, '2022-10-28', 2, 'Sold');
INSERT INTO Houses (house_id, seller_id, num_bedrooms, num_bathrooms, list_price, zip_code, list_date, list_agent_id, office_id, buyer_id, sale_price, sale_date, sell_agent_id, status) VALUES (28, 7, 1, 1, 326967, '79502', '2023-01-03', 2, 5, 2, 646026, '2023-03-23', 9, 'Sold');
INSERT INTO Houses (house_id, seller_id, num_bedrooms, num_bathrooms, list_price, zip_code, list_date, list_agent_id, office_id, buyer_id, sale_price, sale_date, sell_agent_id, status) VALUES (29, 4, 2, 3, 352879, '41410', '2022-11-14', 3, 6, 1, 889279, '2023-01-15', 10, 'Sold');
INSERT INTO Houses (house_id, seller_id, num_bedrooms, num_bathrooms, list_price, zip_code, list_date, list_agent_id, office_id, buyer_id, sale_price, sale_date, sell_agent_id, status) VALUES (30, 10, 2, 5, 617788, '28992', '2022-05-18', 3, 5, 8, 761879, '2022-11-16', 8, 'Sold');
INSERT INTO Houses (house_id, seller_id, num_bedrooms, num_bathrooms, list_price, zip_code, list_date, list_agent_id, office_id, buyer_id, sale_price, sale_date, sell_agent_id, status) VALUES (31, 8, 2, 2, 582724, '96188', '2022-04-19', 6, 1, 2, 813390, '2022-05-31', 8, 'Sold');
INSERT INTO Houses (house_id, seller_id, num_bedrooms, num_bathrooms, list_price, zip_code, list_date, list_agent_id, office_id, buyer_id, sale_price, sale_date, sell_agent_id, status) VALUES (32, 7, 3, 3, 532610, '74253', '2023-04-01', 1, 7, 2, 493302, '2023-04-04', 3, 'Sold');
INSERT INTO Houses (house_id, seller_id, num_bedrooms, num_bathrooms, list_price, zip_code, list_date, list_agent_id, office_id, buyer_id, sale_price, sale_date, sell_agent_id, status) VALUES (33, 5, 2, 1, 826873, '30981', '2023-03-12', 3, 2, 10, 204520, '2023-03-24', 7, 'Sold');
INSERT INTO Houses (house_id, seller_id, num_bedrooms, num_bathrooms, list_price, zip_code, list_date, list_agent_id, office_id, buyer_id, sale_price, sale_date, sell_agent_id, status) VALUES (34, 3, 4, 4, 630868, '96412', '2022-07-27', 2, 5, 5, 732436, '2022-08-06', 10, 'Sold');
INSERT INTO Houses (house_id, seller_id, num_bedrooms, num_bathrooms, list_price, zip_code, list_date, list_agent_id, office_id, buyer_id, sale_price, sale_date, sell_agent_id, status) VALUES (35, 8, 4, 2, 839848, '07972', '2022-07-09', 5, 8, 9, 655015, '2022-08-08', 4, 'Sold');
INSERT INTO Houses (house_id, seller_id, num_bedrooms, num_bathrooms, list_price, zip_code, list_date, list_agent_id, office_id, buyer_id, sale_price, sale_date, sell_agent_id, status) VALUES (36, 9, 4, 1, 697356, '92442', '2022-11-20', 10, 2, 4, 379975, '2022-12-19', 8, 'Sold');
INSERT INTO Houses (house_id, seller_id, num_bedrooms, num_bathrooms, list_price, zip_code, list_date, list_agent_id, office_id, buyer_id, sale_price, sale_date, sell_agent_id, status) VALUES (37, 7, 5, 2, 955212, '23453', '2022-05-29', 5, 2, 4, 480410, '2022-08-30', 1, 'Sold');
INSERT INTO Houses (house_id, seller_id, num_bedrooms, num_bathrooms, list_price, zip_code, list_date, list_agent_id, office_id, buyer_id, sale_price, sale_date, sell_agent_id, status) VALUES (38, 2, 2, 4, 678851, '87854', '2022-10-23', 7, 6, 1, 383119, '2023-02-01', 10, 'Sold');
INSERT INTO Houses (house_id, seller_id, num_bedrooms, num_bathrooms, list_price, zip_code, list_date, list_agent_id, office_id, buyer_id, sale_price, sale_date, sell_agent_id, status) VALUES (39, 6, 2, 4, 364004, '78162', '2022-04-13', 7, 7, 1, 938534, '2022-08-23', 7, 'Sold');
INSERT INTO Houses (house_id, seller_id, num_bedrooms, num_bathrooms, list_price, zip_code, list_date, list_agent_id, office_id, buyer_id, sale_price, sale_date, sell_agent_id, status) VALUES (40, 7, 5, 3, 801303, '47958', '2022-06-22', 5, 3, 8, 550314, '2022-06-29', 1, 'Sold');
INSERT INTO Houses (house_id, seller_id, num_bedrooms, num_bathrooms, list_price, zip_code, list_date, list_agent_id, office_id, buyer_id, sale_price, sale_date, sell_agent_id, status) VALUES (41, 5, 2, 5, 847259, '53030', '2022-12-23', 8, 7, 4, 596894, '2023-03-16', 4, 'Sold');
INSERT INTO Houses (house_id, seller_id, num_bedrooms, num_bathrooms, list_price, zip_code, list_date, list_agent_id, office_id, buyer_id, sale_price, sale_date, sell_agent_id, status) VALUES (42, 4, 1, 3, 381842, '63374', '2022-06-12', 1, 7, 10, 711041, '2022-07-29', 4, 'Sold');
INSERT INTO Houses (house_id, seller_id, num_bedrooms, num_bathrooms, list_price, zip_code, list_date, list_agent_id, office_id, buyer_id, sale_price, sale_date, sell_agent_id, status) VALUES (43, 9, 1, 3, 297974, '03233', '2023-01-30', 5, 3, 6, 844496, '2023-04-03', 10, 'Sold');
INSERT INTO Houses (house_id, seller_id, num_bedrooms, num_bathrooms, list_price, zip_code, list_date, list_agent_id, office_id, buyer_id, sale_price, sale_date, sell_agent_id, status) VALUES (44, 10, 4, 3, 392351, '67661', '2022-06-05', 2, 2, 7, 494865, '2022-08-09', 10, 'Sold');
INSERT INTO Houses (house_id, seller_id, num_bedrooms, num_bathrooms, list_price, zip_code, list_date, list_agent_id, office_id, buyer_id, sale_price, sale_date, sell_agent_id, status) VALUES (45, 9, 4, 5, 731253, '36703', '2022-06-06', 6, 6, 7, 441846, '2023-03-02', 7, 'Sold');
INSERT INTO Houses (house_id, seller_id, num_bedrooms, num_bathrooms, list_price, zip_code, list_date, list_agent_id, office_id, buyer_id, sale_price, sale_date, sell_agent_id, status) VALUES (46, 2, 3, 3, 430257, '79461', '2023-01-07', 7, 8, 4, 324367, '2023-03-05', 7, 'Sold');
INSERT INTO Houses (house_id, seller_id, num_bedrooms, num_bathrooms, list_price, zip_code, list_date, list_agent_id, office_id, buyer_id, sale_price, sale_date, sell_agent_id, status) VALUES (47, 2, 3, 5, 522354, '36751', '2022-11-09', 4, 3, 1, 819064, '2022-12-17', 1, 'Sold');
INSERT INTO Houses (house_id, seller_id, num_bedrooms, num_bathrooms, list_price, zip_code, list_date, list_agent_id, office_id, buyer_id, sale_price, sale_date, sell_agent_id, status) VALUES (48, 5, 2, 5, 477676, '00532', '2022-11-13', 8, 9, 4, 588138, '2022-11-13', 7, 'Sold');
INSERT INTO Houses (house_id, seller_id, num_bedrooms, num_bathrooms, list_price, zip_code, list_date, list_agent_id, office_id, buyer_id, sale_price, sale_date, sell_agent_id, status) VALUES (49, 5, 1, 1, 601227, '36481', '2023-03-24', 5, 2, 6, 988620, '2023-03-25', 6, 'Sold');
INSERT INTO Houses (house_id, seller_id, num_bedrooms, num_bathrooms, list_price, zip_code, list_date, list_agent_id, office_id, buyer_id, sale_price, sale_date, sell_agent_id, status) VALUES (50, 9, 3, 2, 812204, '41830', '2023-03-25', 2, 1, 6, 861287, '2023-04-02', 2, 'Sold');
INSERT INTO Houses (house_id, seller_id, num_bedrooms, num_bathrooms, list_price, zip_code, list_date, list_agent_id, office_id, buyer_id, sale_price, sale_date, sell_agent_id, status) VALUES (51, 10, 3, 5, 362242, '26566', '2023-01-17', 2, 8, 2, 296110, '2023-02-23', 4, 'Sold');
INSERT INTO Houses (house_id, seller_id, num_bedrooms, num_bathrooms, list_price, zip_code, list_date, list_agent_id, office_id, buyer_id, sale_price, sale_date, sell_agent_id, status) VALUES (52, 3, 2, 4, 383270, '29777', '2022-08-08', 5, 7, 9, 585403, '2022-09-28', 9, 'Sold');
INSERT INTO Houses (house_id, seller_id, num_bedrooms, num_bathrooms, list_price, zip_code, list_date, list_agent_id, office_id, buyer_id, sale_price, sale_date, sell_agent_id, status) VALUES (53, 8, 4, 4, 661489, '46024', '2023-03-02', 6, 10, 8, 596502, '2023-03-25', 9, 'Sold');
INSERT INTO Houses (house_id, seller_id, num_bedrooms, num_bathrooms, list_price, zip_code, list_date, list_agent_id, office_id, buyer_id, sale_price, sale_date, sell_agent_id, status) VALUES (54, 3, 5, 4, 593319, '85495', '2022-10-18', 7, 5, 4, 558389, '2023-03-23', 3, 'Sold');
INSERT INTO Houses (house_id, seller_id, num_bedrooms, num_bathrooms, list_price, zip_code, list_date, list_agent_id, office_id, buyer_id, sale_price, sale_date, sell_agent_id, status) VALUES (55, 10, 5, 4, 130183, '10412', '2022-10-31', 8, 6, 9, 797017, '2023-02-17', 3, 'Sold');
INSERT INTO Houses (house_id, seller_id, num_bedrooms, num_bathrooms, list_price, zip_code, list_date, list_agent_id, office_id, buyer_id, sale_price, sale_date, sell_agent_id, status) VALUES (56, 1, 4, 5, 300537, '86891', '2022-04-10', 9, 1, 6, 195573, '2023-02-22', 3, 'Sold');
INSERT INTO Houses (house_id, seller_id, num_bedrooms, num_bathrooms, list_price, zip_code, list_date, list_agent_id, office_id, buyer_id, sale_price, sale_date, sell_agent_id, status) VALUES (57, 10, 1, 1, 863604, '83014', '2022-09-23', 9, 3, 6, 868760, '2023-03-17', 7, 'Sold');
INSERT INTO Houses (house_id, seller_id, num_bedrooms, num_bathrooms, list_price, zip_code, list_date, list_agent_id, office_id, buyer_id, sale_price, sale_date, sell_agent_id, status) VALUES (58, 6, 3, 2, 369075, '54043', '2022-08-08', 6, 9, 10, 490961, '2022-10-05', 9, 'Sold');
INSERT INTO Houses (house_id, seller_id, num_bedrooms, num_bathrooms, list_price, zip_code, list_date, list_agent_id, office_id, buyer_id, sale_price, sale_date, sell_agent_id, status) VALUES (59, 2, 1, 1, 481318, '73069', '2023-01-14', 10, 8, 9, 985406, '2023-03-01', 6, 'Sold');
INSERT INTO Houses (house_id, seller_id, num_bedrooms, num_bathrooms, list_price, zip_code, list_date, list_agent_id, office_id, buyer_id, sale_price, sale_date, sell_agent_id, status) VALUES (60, 7, 5, 5, 688489, '86453', '2022-11-30', 4, 4, 3, 666787, '2022-12-22', 4, 'Sold');
INSERT INTO Houses (house_id, seller_id, num_bedrooms, num_bathrooms, list_price, zip_code, list_date, list_agent_id, office_id, buyer_id, sale_price, sale_date, sell_agent_id, status) VALUES (61, 3, 2, 3, 572356, '69447', '2022-10-31', 10, 3, 3, 168900, '2023-03-14', 4, 'Sold');
INSERT INTO Houses (house_id, seller_id, num_bedrooms, num_bathrooms, list_price, zip_code, list_date, list_agent_id, office_id, buyer_id, sale_price, sale_date, sell_agent_id, status) VALUES (62, 2, 5, 5, 241920, '18663', '2023-01-11', 10, 7, 7, 985690, '2023-02-27', 4, 'Sold');
INSERT INTO Houses (house_id, seller_id, num_bedrooms, num_bathrooms, list_price, zip_code, list_date, list_agent_id, office_id, buyer_id, sale_price, sale_date, sell_agent_id, status) VALUES (63, 6, 1, 5, 246283, '29661', '2023-03-30', 6, 4, 6, 630974, '2023-04-07', 9, 'Sold');
INSERT INTO Houses (house_id, seller_id, num_bedrooms, num_bathrooms, list_price, zip_code, list_date, list_agent_id, office_id, buyer_id, sale_price, sale_date, sell_agent_id, status) VALUES (64, 4, 1, 3, 931907, '61535', '2023-02-19', 3, 3, 8, 355996, '2023-03-16', 9, 'Sold');
INSERT INTO Houses (house_id, seller_id, num_bedrooms, num_bathrooms, list_price, zip_code, list_date, list_agent_id, office_id, buyer_id, sale_price, sale_date, sell_agent_id, status) VALUES (65, 9, 3, 2, 417187, '97833', '2022-06-20', 9, 10, 5, 961761, '2023-03-02', 6, 'Sold');
INSERT INTO Houses (house_id, seller_id, num_bedrooms, num_bathrooms, list_price, zip_code, list_date, list_agent_id, office_id, buyer_id, sale_price, sale_date, sell_agent_id, status) VALUES (66, 7, 4, 2, 554626, '13253', '2022-11-04', 5, 3, 4, 711528, '2023-01-13', 5, 'Sold');
INSERT INTO Houses (house_id, seller_id, num_bedrooms, num_bathrooms, list_price, zip_code, list_date, list_agent_id, office_id, buyer_id, sale_price, sale_date, sell_agent_id, status) VALUES (67, 1, 3, 2, 459020, '69929', '2022-04-28', 9, 2, 4, 110276, '2022-12-03', 6, 'Sold');
INSERT INTO Houses (house_id, seller_id, num_bedrooms, num_bathrooms, list_price, zip_code, list_date, list_agent_id, office_id, buyer_id, sale_price, sale_date, sell_agent_id, status) VALUES (68, 3, 2, 1, 897746, '26969', '2022-11-13', 8, 1, 3, 659144, '2022-12-05', 9, 'Sold');
INSERT INTO Houses (house_id, seller_id, num_bedrooms, num_bathrooms, list_price, zip_code, list_date, list_agent_id, office_id, buyer_id, sale_price, sale_date, sell_agent_id, status) VALUES (69, 3, 4, 5, 893493, '51304', '2022-07-22', 5, 7, 9, 544466, '2022-12-04', 2, 'Sold');
INSERT INTO Houses (house_id, seller_id, num_bedrooms, num_bathrooms, list_price, zip_code, list_date, list_agent_id, office_id, buyer_id, sale_price, sale_date, sell_agent_id, status) VALUES (70, 1, 2, 3, 500739, '02750', '2022-08-24', 1, 1, 8, 984912, '2023-03-08', 10, 'Sold');
INSERT INTO Houses (house_id, seller_id, num_bedrooms, num_bathrooms, list_price, zip_code, list_date, list_agent_id, office_id, buyer_id, sale_price, sale_date, sell_agent_id, status) VALUES (71, 7, 3, 5, 206522, '40836', '2022-09-14', 7, 6, 5, 626792, '2023-02-04', 8, 'Sold');
INSERT INTO Houses (house_id, seller_id, num_bedrooms, num_bathrooms, list_price, zip_code, list_date, list_agent_id, office_id, buyer_id, sale_price, sale_date, sell_agent_id, status) VALUES (72, 7, 2, 1, 240308, '98022', '2022-07-19', 6, 5, 3, 928380, '2023-02-18', 6, 'Sold');
INSERT INTO Houses (house_id, seller_id, num_bedrooms, num_bathrooms, list_price, zip_code, list_date, list_agent_id, office_id, buyer_id, sale_price, sale_date, sell_agent_id, status) VALUES (73, 3, 3, 2, 925531, '46859', '2022-08-09', 9, 2, 5, 834259, '2023-03-22', 1, 'Sold');
INSERT INTO Houses (house_id, seller_id, num_bedrooms, num_bathrooms, list_price, zip_code, list_date, list_agent_id, office_id, buyer_id, sale_price, sale_date, sell_agent_id, status) VALUES (74, 1, 1, 3, 117585, '88012', '2022-05-12', 6, 4, 8, 436503, '2022-11-05', 7, 'Sold');
INSERT INTO Houses (house_id, seller_id, num_bedrooms, num_bathrooms, list_price, zip_code, list_date, list_agent_id, office_id, buyer_id, sale_price, sale_date, sell_agent_id, status) VALUES (75, 4, 1, 2, 510745, '93520', '2022-06-09', 3, 8, 4, 171479, '2023-01-27', 10, 'Sold');
INSERT INTO Houses (house_id, seller_id, num_bedrooms, num_bathrooms, list_price, zip_code, list_date, list_agent_id, office_id, buyer_id, sale_price, sale_date, sell_agent_id, status) VALUES (76, 5, 4, 4, 180712, '81359', '2022-09-19', 8, 7, 10, 461875, '2022-10-27', 4, 'Sold');
INSERT INTO Houses (house_id, seller_id, num_bedrooms, num_bathrooms, list_price, zip_code, list_date, list_agent_id, office_id, buyer_id, sale_price, sale_date, sell_agent_id, status) VALUES (77, 1, 3, 4, 797152, '47356', '2023-02-16', 8, 5, 7, 123343, '2023-02-16', 6, 'Sold');
INSERT INTO Houses (house_id, seller_id, num_bedrooms, num_bathrooms, list_price, zip_code, list_date, list_agent_id, office_id, buyer_id, sale_price, sale_date, sell_agent_id, status) VALUES (78, 2, 2, 4, 700619, '02361', '2023-02-19', 4, 1, 6, 524078, '2023-03-20', 10, 'Sold');
INSERT INTO Houses (house_id, seller_id, num_bedrooms, num_bathrooms, list_price, zip_code, list_date, list_agent_id, office_id, buyer_id, sale_price, sale_date, sell_agent_id, status) VALUES (79, 10, 4, 3, 757259, '21413', '2022-09-27', 3, 3, 10, 937183, '2023-02-27', 6, 'Sold');
INSERT INTO Houses (house_id, seller_id, num_bedrooms, num_bathrooms, list_price, zip_code, list_date, list_agent_id, office_id, buyer_id, sale_price, sale_date, sell_agent_id, status) VALUES (80, 2, 3, 3, 723975, '17052', '2022-06-30', 10, 6, 3, 196783, '2023-01-18', 3, 'Sold');
INSERT INTO Houses (house_id, seller_id, num_bedrooms, num_bathrooms, list_price, zip_code, list_date, list_agent_id, office_id, buyer_id, sale_price, sale_date, sell_agent_id, status) VALUES (81, 4, 4, 2, 231133, '33646', '2022-08-25', 4, 4, 2, 786816, '2023-01-30', 2, 'Sold');
INSERT INTO Houses (house_id, seller_id, num_bedrooms, num_bathrooms, list_price, zip_code, list_date, list_agent_id, office_id, buyer_id, sale_price, sale_date, sell_agent_id, status) VALUES (82, 3, 3, 3, 396501, '35692', '2022-10-28', 7, 4, 2, 312041, '2023-02-11', 10, 'Sold');
INSERT INTO Houses (house_id, seller_id, num_bedrooms, num_bathrooms, list_price, zip_code, list_date, list_agent_id, office_id, buyer_id, sale_price, sale_date, sell_agent_id, status) VALUES (83, 1, 3, 3, 825561, '95422', '2022-04-21', 2, 10, 8, 344447, '2022-10-11', 9, 'Sold');
INSERT INTO Houses (house_id, seller_id, num_bedrooms, num_bathrooms, list_price, zip_code, list_date, list_agent_id, office_id, buyer_id, sale_price, sale_date, sell_agent_id, status) VALUES (84, 6, 1, 1, 796131, '51537', '2022-06-01', 1, 2, 3, 590660, '2022-06-04', 8, 'Sold');
INSERT INTO Houses (house_id, seller_id, num_bedrooms, num_bathrooms, list_price, zip_code, list_date, list_agent_id, office_id, buyer_id, sale_price, sale_date, sell_agent_id, status) VALUES (85, 3, 3, 2, 231396, '63858', '2022-07-07', 1, 2, 6, 353869, '2022-09-26', 10, 'Sold');
INSERT INTO Houses (house_id, seller_id, num_bedrooms, num_bathrooms, list_price, zip_code, list_date, list_agent_id, office_id, buyer_id, sale_price, sale_date, sell_agent_id, status) VALUES (86, 5, 4, 1, 876870, '35407', '2022-09-15', 10, 7, 7, 595031, '2023-01-24', 6, 'Sold');
INSERT INTO Houses (house_id, seller_id, num_bedrooms, num_bathrooms, list_price, zip_code, list_date, list_agent_id, office_id, buyer_id, sale_price, sale_date, sell_agent_id, status) VALUES (87, 7, 3, 1, 535675, '12966', '2022-11-02', 3, 1, 9, 447880, '2022-12-26', 9, 'Sold');
INSERT INTO Houses (house_id, seller_id, num_bedrooms, num_bathrooms, list_price, zip_code, list_date, list_agent_id, office_id, buyer_id, sale_price, sale_date, sell_agent_id, status) VALUES (88, 9, 3, 5, 428050, '65571', '2022-05-11', 2, 5, 10, 468513, '2022-07-25', 6, 'Sold');
INSERT INTO Houses (house_id, seller_id, num_bedrooms, num_bathrooms, list_price, zip_code, list_date, list_agent_id, office_id, buyer_id, sale_price, sale_date, sell_agent_id, status) VALUES (89, 10, 4, 5, 635349, '08185', '2022-04-15', 6, 3, 2, 158432, '2023-01-28', 8, 'Sold');
INSERT INTO Houses (house_id, seller_id, num_bedrooms, num_bathrooms, list_price, zip_code, list_date, list_agent_id, office_id, buyer_id, sale_price, sale_date, sell_agent_id, status) VALUES (90, 2, 1, 2, 236203, '68053', '2022-08-11', 6, 3, 4, 563625, '2022-12-15', 4, 'Sold');
INSERT INTO Houses (house_id, seller_id, num_bedrooms, num_bathrooms, list_price, zip_code, list_date, list_agent_id, office_id, buyer_id, sale_price, sale_date, sell_agent_id, status) VALUES (91, 6, 4, 3, 872879, '21821', '2022-06-29', 4, 5, 6, 917253, '2022-08-08', 9, 'Sold');
INSERT INTO Houses (house_id, seller_id, num_bedrooms, num_bathrooms, list_price, zip_code, list_date, list_agent_id, office_id, buyer_id, sale_price, sale_date, sell_agent_id, status) VALUES (92, 10, 4, 2, 755553, '76712', '2023-01-05', 4, 7, 10, 833932, '2023-02-13', 3, 'Sold');
INSERT INTO Houses (house_id, seller_id, num_bedrooms, num_bathrooms, list_price, zip_code, list_date, list_agent_id, office_id, buyer_id, sale_price, sale_date, sell_agent_id, status) VALUES (93, 9, 3, 1, 100790, '56419', '2022-05-04', 7, 7, 9, 723797, '2022-05-28', 1, 'Sold');
INSERT INTO Houses (house_id, seller_id, num_bedrooms, num_bathrooms, list_price, zip_code, list_date, list_agent_id, office_id, buyer_id, sale_price, sale_date, sell_agent_id, status) VALUES (94, 7, 3, 2, 865202, '43682', '2022-12-21', 10, 7, 8, 567337, '2022-12-25', 2, 'Sold');
INSERT INTO Houses (house_id, seller_id, num_bedrooms, num_bathrooms, list_price, zip_code, list_date, list_agent_id, office_id, buyer_id, sale_price, sale_date, sell_agent_id, status) VALUES (95, 7, 3, 3, 455569, '12390', '2022-07-03', 8, 10, 6, 555606, '2022-12-10', 6, 'Sold');
INSERT INTO Houses (house_id, seller_id, num_bedrooms, num_bathrooms, list_price, zip_code, list_date, list_agent_id, office_id, buyer_id, sale_price, sale_date, sell_agent_id, status) VALUES (96, 2, 3, 2, 434156, '85685', '2022-04-22', 8, 7, 4, 106903, '2023-03-07', 2, 'Sold');
INSERT INTO Houses (house_id, seller_id, num_bedrooms, num_bathrooms, list_price, zip_code, list_date, list_agent_id, office_id, buyer_id, sale_price, sale_date, sell_agent_id, status) VALUES (97, 8, 5, 4, 746493, '35106', '2023-03-25', 4, 10, 1, 540171, '2023-03-30', 1, 'Sold');
INSERT INTO Houses (house_id, seller_id, num_bedrooms, num_bathrooms, list_price, zip_code, list_date, list_agent_id, office_id, buyer_id, sale_price, sale_date, sell_agent_id, status) VALUES (98, 5, 1, 3, 741188, '90153', '2022-12-21', 9, 5, 6, 400234, '2023-01-08', 9, 'Sold');
INSERT INTO Houses (house_id, seller_id, num_bedrooms, num_bathrooms, list_price, zip_code, list_date, list_agent_id, office_id, buyer_id, sale_price, sale_date, sell_agent_id, status) VALUES (99, 5, 2, 1, 987169, '52535', '2022-05-24', 2, 10, 2, 613804, '2022-06-07', 1, 'Sold');
INSERT INTO Houses (house_id, seller_id, num_bedrooms, num_bathrooms, list_price, zip_code, list_date, list_agent_id, office_id, buyer_id, sale_price, sale_date, sell_agent_id, status) VALUES (100, 9, 5, 1, 185431, '57113', '2022-08-12', 5, 5, 3, 889667, '2022-12-25', 3, 'Sold');